"StudentID";"Name";"Gender";"AttendanceRate";"StudyHoursPerWeek";"PreviousGrade";"ExtracurricularActivities";"ParentalSupport";"FinalGrade";"OnlineClassesTakenTF"
1;"John";"Male";85.0;15.0;78.0;1.0;"High";80.0;"False"
2;"Sarah";"Female";90.0;20.0;85.0;2.0;"Medium";87.0;"True"
3;"Alex";"Male";78.0;10.0;65.0;0.0;"Low";68.0;"False"
4;"Michael";"Male";92.0;25.0;90.0;3.0;"High";92.0;"False"
7;"Daniel";"Male";70.0;8.0;60.0;0.0;"Low";62.0;"False"
9;"James";"Male";82.0;12.0;70.0;2.0;"Low";72.0;"False"
10;"Isabella";"Female";91.0;22.0;86.0;3.0;"High";88.0;"True"
4611;"Katherine Gray";"Female";91.0;18.0;78.0;0.0;"Low";62.0;"True"
6514;"Megan Miller";"Male";90.0;8.0;85.0;1.0;"Medium";88.0;"False"
8573;"James Smith";"Female";88.0;12.0;90.0;1.0;"High";92.0;"False"
5386;"James Reynolds";"Male";92.0;22.0;88.0;3.0;"Low";78.0;"False"
3340;"Brittany Sutton";"Female";78.0;25.0;70.0;2.0;"Medium";88.0;"False"
6930;"Annette Medina";"Male";78.0;12.0;77.0;2.0;"High";87.0;"False"
2040;"James Duncan";"Female";70.0;22.0;77.0;2.0;"Medium";72.0;"True"
10040;"Susan Brown";"Male";91.0;30.0;77.0;1.0;"High";90.0;"True"
8177;"Peter Jones";"Female";90.0;25.0;90.0;2.0;"Medium";80.0;"True"
4510;"Daniel Erickson";"Male";91.0;22.0;77.0;3.0;"Medium";62.0;"False"
4139;"Benjamin Vance";"Male";82.0;17.0;65.0;0.0;"High";85.0;"False"
1821;"Alexandra Harrington";"Female";82.0;12.0;65.0;1.0;"Low";87.0;"True"
4853;"Richard Johnson";"Female";90.0;22.0;90.0;3.0;"Low";80.0;"False"
1152;"Jerry Browning";"Female";91.0;22.0;85.0;2.0;"Low";92.0;"False"
2127;"Carrie Page";"Male";95.0;18.0;65.0;1.0;"Low";85.0;"True"
5905;"Michelle Benjamin";"Male";78.0;18.0;85.0;2.0;"Low";72.0;"True"
6617;"James Woods";"Male";88.0;12.0;77.0;2.0;"High";87.0;"True"
1058;"Angela Dunn";"Female";78.0;18.0;65.0;1.0;"Low";62.0;"True"
3442;"Nathan Riley";"Male";95.0;22.0;70.0;0.0;"Medium";68.0;"True"
6862;"Shelby Mahoney";"Male";92.0;20.0;88.0;2.0;"Medium";88.0;"True"
7267;"Justin Martin";"Male";85.0;25.0;90.0;1.0;"Medium";85.0;"True"
1387;"Mark Hartman";"Male";70.0;30.0;82.0;2.0;"Medium";90.0;"False"
1452;"Antonio Hansen";"Male";88.0;10.0;86.0;2.0;"High";87.0;"False"
8149;"Lynn Anderson";"Male";70.0;22.0;90.0;2.0;"High";62.0;"True"
6967;"Michael Cooley";"Female";90.0;30.0;86.0;1.0;"Low";87.0;"False"
7691;"Mitchell Sanders";"Female";70.0;18.0;70.0;0.0;"High";62.0;"True"
8618;"Lisa Castillo";"Female";85.0;25.0;70.0;1.0;"Low";68.0;"False"
2530;"Theresa Rodriguez";"Male";88.0;25.0;90.0;0.0;"High";80.0;"True"
8461;"Kimberly Wood";"Female";91.0;25.0;60.0;1.0;"Medium";92.0;"True"
2746;"Patricia Cox";"Female";92.0;10.0;70.0;1.0;"High";72.0;"False"
3184;"Kimberly Blair";"Female";82.0;12.0;86.0;1.0;"Medium";88.0;"False"
9976;"Jason Ramirez";"Female";78.0;17.0;77.0;2.0;"High";85.0;"False"
4919;"Gail Dudley";"Female";85.0;20.0;82.0;3.0;"Medium";90.0;"True"
3267;"John West";"Male";92.0;8.0;65.0;3.0;"High";62.0;"False"
7812;"Patricia Carr";"Male";92.0;8.0;60.0;3.0;"Low";80.0;"False"
8814;"David Nunez";"Male";95.0;18.0;60.0;0.0;"Low";72.0;"False"
4595;"Collin Peterson";"Female";70.0;17.0;78.0;0.0;"Medium";62.0;"True"
9751;"Rebecca Smith";"Male";70.0;22.0;86.0;1.0;"High";62.0;"True"
7906;"Desiree Reyes";"Female";90.0;17.0;78.0;2.0;"High";90.0;"True"
1508;"Megan Diaz";"Male";92.0;15.0;86.0;0.0;"High";68.0;"True"
8619;"Joseph Adams";"Female";95.0;10.0;86.0;3.0;"Low";87.0;"False"
2771;"Sharon Watson";"Male";88.0;22.0;60.0;0.0;"Low";92.0;"True"
2669;"Tiffany Smith";"Female";91.0;20.0;86.0;1.0;"Medium";72.0;"True"
9289;"Alexander Preston";"Female";85.0;8.0;77.0;2.0;"Medium";90.0;"True"
8135;"Randall Hickman";"Male";82.0;18.0;86.0;2.0;"Medium";78.0;"False"
6280;"David Hernandez";"Male";90.0;18.0;77.0;3.0;"Medium";88.0;"False"
1166;"Tonya Gonzalez";"Male";90.0;25.0;60.0;1.0;"Low";92.0;"False"
8342;"Sarah Johnson";"Male";90.0;18.0;90.0;0.0;"Low";92.0;"False"
10033;"Grace Valencia";"Female";70.0;12.0;88.0;1.0;"Low";78.0;"True"
8216;"Laura Cortez";"Female";78.0;15.0;82.0;1.0;"High";87.0;"True"
3485;"Lori Miller";"Male";91.0;18.0;85.0;3.0;"High";72.0;"True"
9561;"Lori Gomez PhD";"Female";85.0;17.0;82.0;3.0;"Medium";85.0;"True"
4824;"Maria Carter";"Female";91.0;25.0;60.0;2.0;"Low";92.0;"True"
2169;"Daniel Hood";"Male";78.0;18.0;86.0;3.0;"Medium";78.0;"False"
7594;"Amanda Hernandez";"Female";82.0;12.0;77.0;1.0;"High";88.0;"False"
8708;"Taylor Merritt DVM";"Female";88.0;10.0;86.0;0.0;"Low";78.0;"False"
8451;"Nathan Navarro";"Male";95.0;18.0;88.0;2.0;"Medium";72.0;"False"
7770;"Lisa Zimmerman";"Male";92.0;12.0;88.0;3.0;"Medium";78.0;"False"
9165;"Angelica Steele";"Female";82.0;18.0;60.0;1.0;"Medium";92.0;"False"
4122;"Gregory Daniels";"Male";90.0;18.0;60.0;1.0;"Low";85.0;"False"
9022;"Eric Davis";"Male";85.0;12.0;77.0;1.0;"Medium";72.0;"False"
7325;"Ruth Davis";"Male";85.0;15.0;65.0;2.0;"Low";90.0;"True"
1474;"Alison Lang";"Male";95.0;15.0;82.0;1.0;"Medium";62.0;"False"
10030;"Robert Howard";"Female";91.0;18.0;60.0;2.0;"Medium";85.0;"False"
2747;"Rebecca Brown";"Male";70.0;22.0;88.0;3.0;"Medium";85.0;"False"
2476;"Jennifer Baker";"Female";95.0;8.0;65.0;3.0;"High";72.0;"False"
3695;"Diana Schultz";"Female";85.0;18.0;88.0;2.0;"Medium";87.0;"False"
7242;"Heather Johnson";"Female";90.0;25.0;77.0;1.0;"Low";72.0;"True"
2035;"Robert Lowery";"Female";88.0;8.0;85.0;0.0;"High";80.0;"True"
2592;"Unknown";"Male";82.0;10.0;60.0;1.0;"Medium";72.0;"True"
6942;"Brent Burns";"Male";95.0;12.0;88.0;1.0;"Medium";85.0;"False"
2501;"Melissa Barber";"Male";91.0;15.0;78.0;1.0;"High";68.0;"True"
1258;"Courtney Haas";"Male";88.0;15.0;65.0;0.0;"Low";87.0;"False"
6931;"Sarah Ross";"Male";85.0;12.0;90.0;3.0;"High";72.0;"True"
8433;"Jaime Nguyen";"Female";90.0;20.0;70.0;3.0;"Medium";78.0;"False"
2099;"Christina Thompson";"Male";90.0;20.0;60.0;2.0;"Low";90.0;"True"
3535;"Tracy Gibbs";"Female";92.0;20.0;88.0;2.0;"Medium";87.0;"True"
3972;"Robert Davis";"Male";91.0;8.0;85.0;0.0;"Low";80.0;"True"
1861;"James Stewart";"Male";78.0;22.0;78.0;2.0;"Medium";78.0;"False"
7785;"Brent Mendoza";"Female";92.0;12.0;85.0;1.0;"Medium";87.0;"False"
10038;"Dawn Taylor";"Female";85.0;25.0;60.0;3.0;"High";80.0;"True"
5186;"Larry Brown";"Female";95.0;20.0;78.0;1.0;"Low";62.0;"True"
9196;"Miss Teresa Hernandez MD";"Female";90.0;8.0;78.0;0.0;"High";78.0;"False"
7626;"Edward Baker";"Female";88.0;20.0;60.0;1.0;"Medium";68.0;"False"
6928;"Diana Gould";"Male";70.0;20.0;90.0;0.0;"Low";62.0;"False"
6752;"Paul Hull";"Male";92.0;20.0;65.0;2.0;"High";68.0;"True"
3902;"Allison Hamilton";"Female";85.0;22.0;86.0;1.0;"Low";88.0;"False"
6179;"John King";"Male";85.0;20.0;77.0;1.0;"Low";85.0;"True"
9307;"Connie Cooper";"Female";85.0;22.0;70.0;1.0;"Medium";88.0;"False"
7697;"Lawrence Roberts";"Female";91.0;15.0;88.0;2.0;"Medium";87.0;"False"
5128;"Nicholas Robinson DDS";"Male";95.0;20.0;86.0;0.0;"Medium";85.0;"False"
3112;"Jill Smith";"Male";88.0;12.0;60.0;1.0;"High";72.0;"False"
9331;"Michael Burns";"Female";85.0;30.0;82.0;0.0;"High";90.0;"True"
4711;"Adam Weaver";"Male";78.0;20.0;82.0;2.0;"Low";72.0;"True"
6517;"Melvin Mcgee";"Male";91.0;8.0;65.0;0.0;"High";88.0;"False"
1715;"William Banks";"Female";95.0;25.0;77.0;3.0;"Medium";78.0;"False"
5670;"Gregory Davila";"Male";78.0;18.0;77.0;2.0;"High";62.0;"False"
6727;"Rebekah Finley";"Male";70.0;15.0;60.0;2.0;"Medium";92.0;"False"
4678;"Robert Martinez";"Male";95.0;20.0;88.0;0.0;"High";80.0;"True"
8685;"Steven Crawford";"Female";91.0;15.0;85.0;1.0;"Medium";92.0;"False"
2029;"George Cannon";"Male";85.0;22.0;70.0;1.0;"Low";72.0;"True"
10036;"Stephanie Lawrence";"Female";90.0;12.0;70.0;2.0;"Low";72.0;"True"
7338;"Unknown";"Female";88.0;15.0;88.0;2.0;"Medium";92.0;"True"
6447;"Adam Blackwell";"Male";85.0;30.0;70.0;1.0;"Low";68.0;"False"
8840;"Andrew Owens";"Male";78.0;20.0;77.0;1.0;"Medium";92.0;"True"
4060;"Leon Nguyen";"Female";85.0;30.0;70.0;2.0;"High";62.0;"True"
9937;"John White";"Female";95.0;20.0;85.0;1.0;"Low";85.0;"False"
3730;"Justin Martinez";"Female";95.0;17.0;78.0;1.0;"Low";62.0;"True"
3068;"Jacob Murray";"Male";92.0;30.0;88.0;0.0;"Low";80.0;"False"
7077;"Anthony Green";"Female";85.0;20.0;86.0;0.0;"Low";90.0;"False"
8311;"Michael Smith";"Male";91.0;18.0;77.0;3.0;"High";68.0;"True"
8292;"William Hogan";"Male";95.0;30.0;85.0;2.0;"Low";85.0;"True"
6922;"Unknown";"Male";90.0;25.0;65.0;3.0;"Medium";80.0;"False"
8657;"Unknown";"Male";91.0;20.0;85.0;2.0;"Medium";78.0;"False"
3114;"Keith Wu";"Female";82.0;15.0;85.0;2.0;"High";85.0;"True"
9234;"Ronald Stewart";"Male";91.0;22.0;65.0;0.0;"Low";88.0;"False"
1674;"Ronald Schmidt";"Male";90.0;15.0;86.0;2.0;"Low";92.0;"True"
9159;"Courtney Bradley";"Female";88.0;17.0;90.0;0.0;"Medium";78.0;"True"
8202;"Deanna Gonzalez";"Female";85.0;17.0;90.0;1.0;"Low";68.0;"False"
6658;"Darrell Adams";"Female";78.0;30.0;70.0;2.0;"High";90.0;"False"
5681;"Jill Williams";"Male";90.0;8.0;65.0;2.0;"Low";90.0;"True"
7563;"Julia Russell";"Male";91.0;12.0;90.0;1.0;"Low";85.0;"False"
4261;"Tonya Thompson";"Female";82.0;15.0;78.0;1.0;"High";90.0;"False"
1436;"Elizabeth Andersen";"Female";88.0;22.0;86.0;3.0;"Low";80.0;"False"
4340;"Christopher Jones";"Female";82.0;22.0;77.0;1.0;"Low";68.0;"False"
8932;"Alexis Bates";"Male";92.0;18.0;70.0;2.0;"High";85.0;"True"
7464;"Omar Gonzalez";"Female";78.0;18.0;78.0;2.0;"Low";87.0;"False"
8849;"Melissa Perry";"Male";92.0;12.0;82.0;2.0;"Low";85.0;"True"
4972;"Dawn Torres";"Male";82.0;25.0;90.0;1.0;"High";62.0;"True"
5676;"Anna Rollins MD";"Male";90.0;22.0;90.0;2.0;"Low";80.0;"False"
6489;"Susan Morris";"Female";85.0;12.0;70.0;1.0;"High";72.0;"True"
3875;"Kristy Rhodes";"Female";70.0;12.0;88.0;2.0;"Medium";87.0;"False"
7813;"Mrs. Kathy Woodward";"Female";82.0;25.0;90.0;3.0;"High";72.0;"False"
2279;"Alexis Horn";"Male";85.0;12.0;70.0;3.0;"Low";72.0;"False"
2904;"Shannon Harris DDS";"Male";91.0;17.0;85.0;2.0;"Medium";80.0;"False"
1372;"Gina Palmer";"Female";85.0;12.0;60.0;2.0;"Medium";92.0;"True"
8314;"David Anderson";"Male";92.0;15.0;60.0;1.0;"High";72.0;"True"
4948;"Kathy Sandoval";"Male";88.0;10.0;77.0;1.0;"Low";62.0;"True"
10024;"Michael Webb";"Male";88.0;25.0;88.0;2.0;"Medium";90.0;"True"
1844;"Ronnie Taylor";"Female";70.0;22.0;86.0;1.0;"High";92.0;"True"
8854;"Matthew Miller";"Male";95.0;18.0;78.0;3.0;"High";87.0;"False"
4974;"Shelly Hurley";"Male";70.0;25.0;70.0;1.0;"Medium";62.0;"False"
6053;"Mr. Martin Dominguez MD";"Female";95.0;12.0;77.0;1.0;"High";78.0;"True"
5216;"John Lopez";"Female";85.0;17.0;65.0;1.0;"High";68.0;"True"
9882;"Nathan Rodgers";"Male";82.0;15.0;85.0;1.0;"High";62.0;"True"
2113;"Martin Walker";"Male";85.0;25.0;70.0;1.0;"Medium";80.0;"False"
8993;"Jesus Wood";"Male";85.0;12.0;70.0;0.0;"High";80.0;"False"
1280;"Kelly Bell";"Female";78.0;20.0;85.0;2.0;"High";92.0;"False"
6807;"Kathryn Randall";"Female";70.0;20.0;88.0;0.0;"Medium";88.0;"True"
5914;"Sarah Norris";"Male";85.0;20.0;60.0;0.0;"Medium";72.0;"True"
8790;"William Wade";"Female";85.0;20.0;82.0;2.0;"Low";80.0;"True"
7288;"Teresa Sanders";"Male";90.0;12.0;88.0;1.0;"High";62.0;"False"
7499;"Richard Oneal";"Female";85.0;18.0;77.0;1.0;"High";90.0;"False"
4043;"Christine Cooper";"Female";90.0;22.0;82.0;3.0;"Low";87.0;"False"
2674;"Loretta Gonzalez";"Male";90.0;10.0;60.0;1.0;"Low";72.0;"True"
2468;"Douglas Ingram";"Female";82.0;20.0;86.0;3.0;"Medium";62.0;"False"
2387;"Randy Anderson";"Male";91.0;12.0;65.0;0.0;"High";68.0;"False"
3390;"Donna Shaw";"Male";78.0;8.0;82.0;0.0;"Medium";78.0;"False"
7224;"Taylor Acosta";"Female";85.0;30.0;60.0;3.0;"High";85.0;"True"
8848;"Danielle Scott";"Female";78.0;8.0;88.0;2.0;"Low";78.0;"True"
5139;"Kimberly Lambert";"Male";70.0;8.0;85.0;1.0;"Low";78.0;"False"
9907;"Rebecca Mendoza DDS";"Male";95.0;12.0;86.0;2.0;"High";92.0;"True"
1725;"Michael Anderson";"Female";95.0;8.0;85.0;1.0;"High";85.0;"True"
8303;"Hannah Gentry";"Female";70.0;17.0;86.0;2.0;"High";90.0;"True"
5840;"Patrick Reed";"Female";90.0;20.0;65.0;1.0;"Medium";90.0;"False"
1370;"Thomas Lee";"Female";90.0;10.0;90.0;2.0;"High";72.0;"False"
8037;"Michael Martinez";"Female";85.0;25.0;90.0;2.0;"Low";87.0;"True"
7367;"Sean Hull";"Female";91.0;20.0;88.0;1.0;"Medium";88.0;"False"
10005;"Sarah Welch";"Male";95.0;20.0;90.0;2.0;"High";68.0;"False"
7852;"Mr. Stephen Gilmore";"Male";91.0;8.0;60.0;0.0;"Medium";72.0;"True"
8939;"Joshua Kane";"Male";92.0;8.0;70.0;2.0;"Low";78.0;"False"
8272;"Anthony Wright";"Female";78.0;20.0;86.0;1.0;"High";85.0;"False"
3755;"Nathaniel Lopez";"Female";91.0;17.0;70.0;2.0;"High";88.0;"False"
5305;"Christopher Moore";"Female";90.0;17.0;85.0;3.0;"High";88.0;"False"
1971;"Michael Gomez";"Female";78.0;10.0;90.0;0.0;"Low";90.0;"False"
9019;"Caleb Serrano";"Male";91.0;18.0;60.0;0.0;"Medium";87.0;"True"
7600;"William Carlson";"Female";95.0;17.0;77.0;1.0;"Low";80.0;"True"
8511;"Timothy Pruitt";"Female";90.0;12.0;60.0;3.0;"Medium";92.0;"False"
6533;"Mario Johnston";"Male";91.0;17.0;88.0;1.0;"High";87.0;"True"
5489;"Joyce Williams";"Male";95.0;18.0;85.0;1.0;"Low";68.0;"False"
2690;"Unknown";"Female";95.0;18.0;65.0;0.0;"High";68.0;"True"
3688;"Patricia Williams";"Female";95.0;25.0;65.0;0.0;"Low";78.0;"True"
3293;"Michael Payne";"Male";91.0;8.0;88.0;0.0;"Medium";68.0;"True"
5065;"Brooke Friedman";"Female";85.0;18.0;90.0;2.0;"Low";72.0;"False"
1894;"Daniel Mathis";"Male";85.0;8.0;85.0;3.0;"Medium";88.0;"False"
1273;"Kimberly Randolph";"Male";85.0;18.0;90.0;1.0;"High";62.0;"False"
10027;"Jack Simmons";"Female";90.0;12.0;70.0;3.0;"High";85.0;"True"
3545;"Daniel Mendez";"Female";70.0;22.0;85.0;2.0;"Low";62.0;"True"
3735;"Shawn Galloway";"Female";78.0;18.0;85.0;1.0;"Medium";62.0;"False"
2262;"Thomas Barnes";"Female";85.0;12.0;88.0;1.0;"Medium";88.0;"False"
5444;"Patrick Thompson";"Male";91.0;30.0;85.0;2.0;"Low";80.0;"True"
7568;"Marissa Stewart";"Male";85.0;18.0;82.0;1.0;"High";72.0;"True"
5777;"Melissa Wilson";"Female";91.0;25.0;77.0;1.0;"Low";78.0;"True"
6488;"Mark Castillo";"Male";70.0;18.0;85.0;3.0;"Low";92.0;"True"
5584;"Mr. Kent Stanton";"Male";85.0;25.0;70.0;0.0;"Low";90.0;"True"
2565;"Tyrone Phillips";"Male";70.0;20.0;86.0;3.0;"High";62.0;"True"
5778;"Christopher Collins";"Female";95.0;8.0;88.0;1.0;"Medium";85.0;"True"
8404;"Christopher Mccullough";"Female";85.0;18.0;85.0;2.0;"High";85.0;"True"
4522;"Carla Rodriguez";"Female";78.0;20.0;90.0;1.0;"Medium";72.0;"False"
3848;"Makayla Howard";"Male";70.0;17.0;70.0;2.0;"High";87.0;"True"
2989;"Barbara White";"Male";85.0;25.0;65.0;3.0;"Medium";90.0;"True"
1699;"Cody Donovan";"Female";85.0;10.0;86.0;0.0;"Low";62.0;"False"
5835;"Benjamin Alexander";"Female";70.0;12.0;77.0;1.0;"High";85.0;"True"
9614;"Isaac Lopez";"Male";82.0;15.0;60.0;1.0;"Medium";72.0;"False"
10023;"Ariana Morse";"Female";78.0;15.0;88.0;3.0;"High";80.0;"False"
1462;"Derek Choi";"Female";91.0;22.0;65.0;3.0;"High";78.0;"False"
1621;"Paul Reese";"Male";85.0;25.0;86.0;3.0;"High";72.0;"True"
3137;"Francisco Chang";"Female";78.0;30.0;78.0;1.0;"High";88.0;"True"
8157;"Andrew Wilkerson";"Female";95.0;10.0;70.0;3.0;"Medium";92.0;"False"
6026;"Brandon Alvarez";"Female";78.0;10.0;78.0;3.0;"Medium";88.0;"False"
4619;"Gary Young";"Male";85.0;10.0;88.0;2.0;"High";90.0;"True"
6500;"Jessica Wright";"Female";85.0;18.0;90.0;3.0;"Low";87.0;"True"
2661;"Alexander Gordon DDS";"Female";91.0;25.0;65.0;1.0;"High";80.0;"False"
2715;"James Martinez";"Male";95.0;10.0;60.0;0.0;"Low";87.0;"False"
8909;"Francisco Williams";"Male";70.0;10.0;86.0;0.0;"High";80.0;"True"
7705;"Jordan Brooks";"Female";88.0;18.0;90.0;2.0;"High";62.0;"True"
9998;"Kurt Boyd";"Female";85.0;8.0;85.0;2.0;"Low";88.0;"True"
4390;"Bryan Salazar";"Male";88.0;20.0;77.0;2.0;"Medium";62.0;"False"
2493;"Mrs. Heather Roy";"Female";78.0;30.0;60.0;1.0;"High";78.0;"False"
4727;"Kathleen Newton";"Male";70.0;12.0;60.0;2.0;"Low";78.0;"False"
10019;"Julian Fox";"Male";70.0;15.0;70.0;3.0;"Low";88.0;"True"
2970;"Kylie Hancock";"Female";78.0;10.0;90.0;3.0;"High";80.0;"False"
4308;"Matthew Werner";"Male";91.0;18.0;88.0;2.0;"High";62.0;"False"
5525;"Kelsey Bush";"Female";85.0;22.0;86.0;2.0;"Medium";87.0;"True"
2730;"Brandon Dickerson";"Male";88.0;12.0;88.0;0.0;"Medium";62.0;"False"
1613;"Jamie Allen";"Male";88.0;8.0;65.0;3.0;"Low";62.0;"True"
4734;"Elizabeth Chavez";"Male";88.0;17.0;88.0;2.0;"Low";62.0;"True"
10029;"Melissa Morris";"Male";70.0;17.0;70.0;1.0;"High";72.0;"False"
9303;"Donna Hardin";"Female";78.0;12.0;86.0;1.0;"High";92.0;"True"
6640;"Samuel Shaw";"Male";88.0;20.0;82.0;1.0;"Medium";80.0;"True"
4626;"Mike Waters";"Male";92.0;18.0;60.0;2.0;"High";80.0;"True"
4086;"Laurie Johnson";"Male";82.0;25.0;78.0;3.0;"Medium";90.0;"True"
9148;"John Coleman";"Female";88.0;8.0;60.0;0.0;"Low";80.0;"True"
6622;"John Carter";"Male";82.0;17.0;88.0;2.0;"Medium";68.0;"True"
5813;"Mr. Devon Garrett";"Male";85.0;10.0;82.0;2.0;"High";90.0;"False"
1879;"Richard Gonzalez";"Male";85.0;25.0;70.0;2.0;"Low";62.0;"True"
3470;"Alex White";"Male";92.0;30.0;60.0;3.0;"Medium";68.0;"True"
2324;"Michael Gonzales";"Female";95.0;10.0;88.0;1.0;"High";78.0;"True"
1076;"Daniel Herrera";"Male";82.0;25.0;88.0;1.0;"Medium";72.0;"True"
6615;"Heidi Simmons";"Female";95.0;25.0;65.0;0.0;"High";92.0;"True"
1359;"Andrea Fuller";"Male";90.0;30.0;78.0;0.0;"Low";85.0;"True"
1785;"David Dunlap";"Male";85.0;15.0;85.0;0.0;"Medium";62.0;"False"
3508;"Antonio Mitchell";"Male";85.0;18.0;60.0;2.0;"Low";72.0;"True"
7862;"Mariah Cole";"Male";82.0;22.0;85.0;2.0;"High";87.0;"True"
2659;"Andrea Bradley";"Female";92.0;17.0;82.0;2.0;"Medium";80.0;"True"
2699;"Eric Scott";"Female";91.0;17.0;86.0;1.0;"High";88.0;"True"
6664;"Robin Spears";"Female";78.0;12.0;86.0;1.0;"High";68.0;"False"
3709;"David Owens";"Male";85.0;30.0;90.0;1.0;"Medium";80.0;"False"
6952;"Sarah Bailey";"Female";90.0;20.0;90.0;1.0;"Medium";90.0;"False"
2741;"Kendra Ramirez";"Male";78.0;17.0;65.0;0.0;"High";85.0;"True"
7437;"Diane Ross";"Male";85.0;25.0;88.0;2.0;"Medium";80.0;"True"
8381;"Stephanie Mcfarland";"Female";91.0;12.0;65.0;1.0;"High";72.0;"False"
8912;"Michelle Woods";"Male";91.0;10.0;65.0;2.0;"Medium";88.0;"False"
7859;"David Ruiz";"Male";88.0;8.0;88.0;2.0;"Medium";68.0;"False"
6876;"David Park";"Female";90.0;22.0;70.0;3.0;"Low";72.0;"False"
1769;"Christopher Poole";"Female";70.0;8.0;88.0;2.0;"High";80.0;"False"
4063;"Virginia Daniel";"Male";82.0;20.0;60.0;1.0;"Medium";85.0;"True"
9037;"Brett Barrett";"Female";90.0;30.0;70.0;3.0;"High";72.0;"True"
9691;"Haley Robertson";"Female";82.0;15.0;85.0;1.0;"Medium";92.0;"True"
1653;"Michelle Gonzalez";"Female";70.0;20.0;60.0;2.0;"Low";85.0;"False"
9814;"Felicia Howard";"Male";90.0;25.0;90.0;0.0;"High";92.0;"False"
2181;"Sean Walker";"Male";85.0;17.0;88.0;1.0;"High";87.0;"False"
2154;"Brianna Mills";"Male";88.0;8.0;60.0;1.0;"Low";62.0;"False"
2938;"Michael Case";"Male";91.0;20.0;86.0;1.0;"Low";87.0;"True"
5748;"Felicia Houston";"Female";91.0;20.0;82.0;1.0;"Medium";62.0;"False"
3561;"Kevin Wilson";"Male";78.0;8.0;70.0;2.0;"Low";68.0;"False"
4441;"Unknown";"Female";92.0;8.0;70.0;0.0;"High";68.0;"True"
5533;"Paul Williams";"Female";78.0;30.0;77.0;1.0;"Medium";90.0;"True"
10010;"Tyler Boyer";"Male";88.0;10.0;70.0;3.0;"Medium";87.0;"True"
10025;"Kristy Nichols";"Male";85.0;12.0;82.0;2.0;"Low";78.0;"False"
7430;"Darren Martin";"Male";91.0;18.0;65.0;1.0;"Low";72.0;"True"
9485;"Jesus Henson";"Female";70.0;17.0;77.0;1.0;"High";90.0;"False"
5314;"Robin Stewart";"Male";70.0;8.0;88.0;3.0;"Low";87.0;"True"
3713;"Ronnie White";"Male";90.0;12.0;82.0;3.0;"High";68.0;"True"
4773;"John Fox";"Female";95.0;20.0;77.0;1.0;"Medium";92.0;"False"
1367;"Unknown";"Male";85.0;10.0;86.0;3.0;"High";68.0;"True"
1916;"Daniel Scott";"Male";88.0;10.0;70.0;0.0;"Low";88.0;"False"
2404;"Unknown";"Male";85.0;22.0;77.0;1.0;"High";92.0;"True"
9706;"Tiffany Moore";"Male";90.0;17.0;65.0;3.0;"Low";80.0;"False"
9553;"Sylvia Chavez";"Female";95.0;15.0;70.0;0.0;"High";78.0;"False"
5223;"Ashlee Wilcox";"Male";85.0;15.0;86.0;2.0;"High";72.0;"True"
6175;"Lance Johnson";"Female";95.0;20.0;65.0;0.0;"Low";88.0;"False"
2642;"Patrick Gonzalez MD";"Male";82.0;8.0;88.0;2.0;"Low";80.0;"True"
2492;"Cole Gomez";"Male";85.0;22.0;60.0;2.0;"High";85.0;"True"
7296;"Alejandro Gutierrez";"Female";91.0;12.0;82.0;3.0;"High";68.0;"True"
4304;"Natalie Long";"Female";92.0;15.0;86.0;2.0;"Low";92.0;"True"
6893;"Abigail Ingram";"Male";85.0;10.0;85.0;2.0;"Medium";90.0;"True"
9482;"Eileen Lee";"Male";90.0;20.0;70.0;2.0;"Low";72.0;"False"
2185;"Melanie Wilson";"Female";95.0;20.0;70.0;2.0;"Low";88.0;"False"
4610;"Christopher Payne";"Male";95.0;8.0;88.0;2.0;"Low";80.0;"True"
5706;"John Franklin";"Male";70.0;30.0;85.0;2.0;"High";78.0;"False"
3994;"Angel Stout";"Male";85.0;25.0;90.0;3.0;"Medium";92.0;"False"
1887;"Zachary Daniel";"Female";85.0;12.0;78.0;2.0;"Medium";62.0;"True"
8490;"Angel Howard";"Male";82.0;17.0;88.0;1.0;"High";92.0;"False"
4744;"Sean Levine";"Male";88.0;25.0;70.0;0.0;"Medium";92.0;"True"
8749;"Brian Diaz";"Male";78.0;8.0;77.0;0.0;"Low";72.0;"False"
5915;"Catherine Koch";"Female";82.0;22.0;78.0;0.0;"High";68.0;"False"
2577;"Unknown";"Female";95.0;18.0;88.0;1.0;"Low";72.0;"False"
5663;"Mary Warren";"Female";95.0;12.0;77.0;1.0;"High";62.0;"True"
3745;"Amanda Bryant";"Female";70.0;22.0;86.0;0.0;"High";87.0;"False"
6191;"Joel Ford";"Female";88.0;22.0;60.0;2.0;"Medium";90.0;"False"
7782;"Mark Miller";"Male";78.0;15.0;65.0;3.0;"Low";85.0;"True"
9584;"Lisa Mitchell";"Male";90.0;18.0;86.0;0.0;"High";62.0;"False"
8260;"William White";"Male";78.0;12.0;65.0;1.0;"High";90.0;"False"
10035;"Elizabeth Wright";"Female";95.0;17.0;70.0;3.0;"High";78.0;"False"
8816;"Sydney Patterson";"Female";85.0;8.0;82.0;3.0;"High";80.0;"False"
8161;"Lisa Johnson";"Female";92.0;10.0;60.0;0.0;"High";85.0;"True"
9464;"Todd Jackson";"Female";88.0;12.0;82.0;0.0;"High";87.0;"True"
8460;"Shelby Richards";"Female";88.0;22.0;77.0;3.0;"Medium";80.0;"True"
4046;"Joseph Roberts";"Male";88.0;18.0;65.0;1.0;"Low";80.0;"True"
9086;"Samantha Burton";"Male";95.0;8.0;82.0;1.0;"Medium";78.0;"False"
2314;"Cynthia Mcdonald";"Male";85.0;18.0;60.0;2.0;"Low";78.0;"False"
1206;"Kimberly Petty";"Male";92.0;8.0;77.0;3.0;"Low";80.0;"True"
9538;"Joshua Carpenter";"Male";85.0;8.0;82.0;1.0;"High";80.0;"True"
5150;"Jessica Fuller";"Female";88.0;25.0;88.0;1.0;"Low";92.0;"False"
6316;"Andrea Barber";"Male";78.0;18.0;86.0;2.0;"Medium";92.0;"False"
3539;"Brian Lyons";"Female";90.0;25.0;65.0;1.0;"High";88.0;"True"
8187;"Robert Taylor";"Male";85.0;8.0;88.0;0.0;"Medium";80.0;"False"
2128;"Steven Myers";"Male";85.0;18.0;82.0;2.0;"Medium";78.0;"False"
4039;"Cassandra Perez";"Male";91.0;30.0;86.0;3.0;"Medium";87.0;"False"
7366;"Amy Fisher";"Female";82.0;22.0;86.0;2.0;"High";90.0;"True"
1214;"Stephanie Reid";"Male";85.0;20.0;77.0;1.0;"Medium";72.0;"False"
4784;"Christina Russo";"Female";92.0;25.0;70.0;3.0;"Low";68.0;"False"
2728;"Raymond Howell";"Female";85.0;8.0;85.0;0.0;"High";72.0;"True"
9747;"Angela Perez";"Female";95.0;30.0;70.0;1.0;"Medium";62.0;"False"
4817;"Melissa Lucas";"Female";88.0;20.0;86.0;0.0;"Low";92.0;"False"
8905;"Heidi Leonard";"Male";85.0;22.0;85.0;3.0;"Low";85.0;"False"
7266;"Richard Swanson";"Male";88.0;12.0;78.0;1.0;"Low";88.0;"True"
3509;"Lauren Simpson";"Male";70.0;17.0;86.0;3.0;"Low";87.0;"False"
10028;"Michael Kelly";"Female";95.0;25.0;88.0;1.0;"Low";80.0;"False"
8245;"Peggy Hill";"Male";85.0;15.0;90.0;3.0;"Low";90.0;"True"
8373;"Laura Stevens";"Female";85.0;30.0;90.0;2.0;"High";92.0;"False"
9991;"Terri Potter";"Female";91.0;10.0;78.0;0.0;"Low";72.0;"True"
5653;"Veronica Saunders";"Male";91.0;18.0;78.0;1.0;"Low";80.0;"False"
6465;"Jennifer Dickson";"Female";70.0;10.0;78.0;1.0;"Low";90.0;"True"
9212;"Alexa West";"Female";85.0;18.0;60.0;1.0;"Low";85.0;"False"
10007;"Phillip Donovan";"Male";70.0;12.0;86.0;3.0;"Medium";92.0;"False"
6395;"Monique King";"Female";82.0;10.0;90.0;0.0;"Low";72.0;"True"
10016;"Nathan Wall";"Male";85.0;30.0;85.0;1.0;"High";72.0;"False"
4014;"Kristin Macias";"Female";85.0;17.0;65.0;0.0;"High";92.0;"True"
8496;"Unknown";"Male";70.0;8.0;78.0;3.0;"Low";62.0;"True"
9530;"Bradley Stevens";"Male";85.0;17.0;78.0;3.0;"Low";72.0;"True"
7347;"Morgan Hampton";"Male";92.0;18.0;77.0;0.0;"Medium";85.0;"False"
9999;"Lori Carrillo";"Male";85.0;17.0;85.0;2.0;"High";68.0;"True"
7440;"Samantha Novak";"Female";95.0;17.0;78.0;0.0;"Medium";88.0;"False"
2477;"Audrey Robinson";"Female";95.0;10.0;85.0;2.0;"High";78.0;"False"
9383;"Lindsey Kerr";"Male";70.0;12.0;60.0;1.0;"High";90.0;"True"
3656;"Cynthia Nguyen";"Male";78.0;15.0;60.0;2.0;"Medium";78.0;"True"
9084;"Matthew Stevenson";"Male";92.0;22.0;77.0;1.0;"Medium";78.0;"True"
5009;"Rhonda White";"Female";91.0;12.0;90.0;1.0;"High";68.0;"True"
3381;"Larry Ramsey";"Male";91.0;22.0;82.0;1.0;"High";80.0;"True"
5659;"Kimberly Anderson";"Male";85.0;22.0;88.0;1.0;"High";85.0;"True"
4425;"Kelly Baker";"Male";90.0;22.0;70.0;2.0;"Medium";88.0;"False"
7996;"Wendy Miller";"Female";88.0;12.0;86.0;3.0;"Medium";68.0;"False"
9069;"Michael Webster";"Male";91.0;25.0;82.0;3.0;"High";87.0;"True"
4396;"Michelle Ryan";"Female";70.0;15.0;88.0;1.0;"Low";92.0;"False"
5168;"Justin Jennings";"Male";88.0;18.0;70.0;2.0;"Medium";80.0;"False"
7488;"Norma Ward";"Male";78.0;25.0;88.0;1.0;"Low";78.0;"True"
8888;"Unknown";"Male";85.0;12.0;88.0;1.0;"Medium";80.0;"False"
6152;"Amy Evans";"Male";88.0;8.0;85.0;1.0;"High";90.0;"True"
9192;"Stephen Ramirez";"Male";92.0;30.0;77.0;2.0;"Medium";90.0;"True"
4361;"Nicholas Baxter";"Male";85.0;8.0;70.0;2.0;"High";85.0;"True"
6460;"Raymond Smith";"Female";85.0;20.0;70.0;2.0;"High";88.0;"True"
6257;"Roy Johnson";"Male";92.0;18.0;82.0;2.0;"Medium";78.0;"True"
5440;"Justin Johnson";"Male";88.0;22.0;90.0;0.0;"High";85.0;"False"
8304;"Kaylee Benjamin";"Female";88.0;30.0;90.0;2.0;"High";78.0;"False"
2593;"Charles Murphy";"Female";88.0;17.0;77.0;3.0;"High";68.0;"False"
8842;"Michael Woods";"Female";78.0;18.0;88.0;3.0;"Low";68.0;"True"
10022;"Michael Kane";"Male";88.0;12.0;77.0;0.0;"Low";62.0;"True"
8903;"Susan Benson";"Female";90.0;30.0;90.0;3.0;"Medium";62.0;"True"
3835;"Timothy Armstrong";"Male";91.0;17.0;85.0;3.0;"Low";78.0;"False"
3886;"Cindy Harvey";"Female";70.0;20.0;86.0;2.0;"Low";88.0;"False"
9098;"Caitlin Carter";"Male";90.0;25.0;65.0;3.0;"Low";80.0;"True"
8421;"Ricky Johnson";"Female";70.0;22.0;86.0;1.0;"High";92.0;"False"
5989;"Bryan Hoover";"Female";95.0;20.0;86.0;1.0;"Low";72.0;"False"
2022;"Elijah Wagner";"Female";82.0;15.0;78.0;2.0;"Medium";87.0;"True"
8073;"Felicia Davis";"Female";95.0;8.0;60.0;0.0;"Medium";72.0;"False"
3200;"Michael Yoder";"Male";90.0;15.0;65.0;1.0;"Low";62.0;"True"
10008;"Samantha York";"Female";85.0;22.0;60.0;3.0;"High";78.0;"False"
7303;"Joanna Martinez";"Female";92.0;10.0;60.0;3.0;"High";88.0;"True"
9220;"Penny Hopkins";"Female";70.0;12.0;86.0;1.0;"High";80.0;"False"
5017;"Jennifer Morgan";"Female";90.0;12.0;86.0;2.0;"Low";80.0;"True"
8681;"Dalton Chen";"Female";82.0;17.0;86.0;1.0;"Medium";90.0;"False"
3744;"Mrs. Amy Carney MD";"Male";91.0;18.0;86.0;2.0;"High";78.0;"True"
5780;"Melissa Wang";"Male";88.0;17.0;85.0;0.0;"Low";87.0;"False"
7222;"Deanna Jones";"Female";85.0;18.0;65.0;2.0;"Medium";80.0;"False"
5183;"Peter Figueroa";"Female";85.0;25.0;86.0;3.0;"Low";90.0;"False"
4594;"Jonathon Woodward";"Female";88.0;25.0;78.0;1.0;"Low";87.0;"True"
2995;"Brian Hayes";"Male";90.0;22.0;65.0;0.0;"Low";88.0;"True"
3915;"Terri Hayden";"Female";90.0;17.0;90.0;3.0;"Medium";68.0;"True"
9857;"Taylor Burns";"Female";92.0;22.0;85.0;1.0;"Low";85.0;"True"
5105;"Andrew Jimenez";"Female";85.0;17.0;65.0;1.0;"High";62.0;"False"
7411;"Wendy King";"Male";82.0;17.0;77.0;0.0;"Medium";87.0;"False"
8898;"Luis Carter";"Male";91.0;12.0;88.0;1.0;"Low";85.0;"True"
10020;"Tiffany Sanders";"Female";90.0;30.0;77.0;2.0;"Low";78.0;"True"
4163;"Unknown";"Male";91.0;25.0;77.0;0.0;"High";72.0;"False"
9791;"Brittany Andrews";"Male";91.0;25.0;85.0;1.0;"Low";68.0;"False"
1750;"William Weber";"Male";78.0;15.0;65.0;1.0;"Medium";87.0;"True"
2742;"Angela Ortiz";"Male";85.0;22.0;86.0;3.0;"High";92.0;"False"
3185;"Travis Harrell";"Male";91.0;8.0;65.0;1.0;"Medium";87.0;"True"
5648;"Craig Mccann";"Female";85.0;10.0;90.0;0.0;"Low";85.0;"True"
4144;"Kelly Cohen";"Male";82.0;20.0;86.0;1.0;"Low";72.0;"True"
9804;"Henry Johnson";"Male";78.0;15.0;77.0;2.0;"High";87.0;"False"
6340;"Keith Wilson";"Female";92.0;30.0;90.0;2.0;"Medium";92.0;"False"
4276;"Jordan Chase";"Female";92.0;20.0;77.0;3.0;"Medium";80.0;"True"
10031;"Kayla Solomon";"Male";70.0;30.0;65.0;1.0;"Low";92.0;"True"
6503;"Hayley Johnson";"Male";85.0;22.0;78.0;2.0;"High";87.0;"False"
3804;"John Bender";"Female";92.0;18.0;86.0;0.0;"Low";88.0;"True"
5041;"Michael Willis";"Male";95.0;8.0;86.0;3.0;"Low";68.0;"False"
1724;"James Simmons";"Male";85.0;12.0;78.0;0.0;"Low";62.0;"True"
8452;"Michael Walters";"Female";78.0;8.0;65.0;1.0;"Low";78.0;"True"
7305;"Jason Anderson";"Female";82.0;15.0;82.0;0.0;"Medium";88.0;"True"
2326;"Unknown";"Female";85.0;12.0;88.0;1.0;"High";62.0;"True"
6989;"James Hoover";"Female";78.0;12.0;85.0;2.0;"Low";92.0;"True"
9714;"Erica Thomas";"Female";85.0;22.0;88.0;2.0;"High";78.0;"True"
5803;"Molly Jones";"Female";82.0;10.0;77.0;1.0;"Medium";78.0;"False"
7093;"Arthur Johnson";"Female";85.0;10.0;88.0;2.0;"Medium";68.0;"False"
3986;"Collin Edwards";"Male";78.0;10.0;90.0;2.0;"High";90.0;"False"
8306;"David Jimenez";"Female";90.0;30.0;78.0;3.0;"Low";92.0;"False"
6915;"Marvin Cardenas";"Female";78.0;8.0;88.0;0.0;"Medium";80.0;"False"
2449;"Christopher Taylor";"Male";70.0;18.0;60.0;0.0;"Low";78.0;"True"
4264;"Brenda Bell";"Male";70.0;18.0;70.0;1.0;"High";85.0;"False"
8593;"Ashley Nguyen";"Male";85.0;15.0;65.0;2.0;"Medium";78.0;"False"
7834;"Michael Bailey";"Male";85.0;25.0;78.0;2.0;"Medium";78.0;"False"
1798;"Karen Cruz";"Female";88.0;12.0;85.0;2.0;"High";68.0;"True"
9908;"Jodi Taylor";"Female";95.0;18.0;82.0;1.0;"High";72.0;"True"
3243;"Thomas Mcgrath";"Female";95.0;17.0;60.0;1.0;"High";87.0;"True"
3108;"Karen Wolf";"Male";92.0;18.0;65.0;3.0;"High";87.0;"True"
10013;"Ashley Jordan";"Male";78.0;30.0;78.0;2.0;"High";85.0;"False"
3630;"Lonnie Williams";"Male";82.0;22.0;85.0;2.0;"Low";80.0;"True"
10018;"Michael Poole";"Male";82.0;15.0;85.0;3.0;"Low";78.0;"True"
3025;"Eduardo Miller";"Female";90.0;12.0;65.0;1.0;"Medium";85.0;"True"
2723;"Audrey Woods";"Female";85.0;12.0;85.0;2.0;"High";62.0;"True"
3764;"Lauren Brown";"Male";95.0;25.0;88.0;3.0;"Low";62.0;"False"
5563;"Stephanie Merritt";"Female";70.0;30.0;77.0;3.0;"Medium";78.0;"False"
2770;"Rebecca Jones";"Male";88.0;17.0;77.0;3.0;"Low";68.0;"True"
2117;"Isaiah Arnold";"Female";85.0;10.0;60.0;3.0;"Low";90.0;"True"
9994;"Andrew Dudley";"Female";90.0;8.0;77.0;1.0;"Medium";78.0;"True"
10039;"Jane Griffith";"Female";85.0;12.0;65.0;2.0;"High";62.0;"False"
6779;"Jeff Phillips";"Female";95.0;15.0;78.0;3.0;"High";68.0;"True"
6591;"Dawn Edwards";"Female";90.0;8.0;88.0;1.0;"Medium";90.0;"True"
4844;"Paige Campbell";"Female";91.0;20.0;85.0;2.0;"High";90.0;"False"
1612;"Belinda Kim";"Female";70.0;22.0;70.0;0.0;"Medium";80.0;"True"
6504;"Ruben Steele";"Female";82.0;30.0;65.0;3.0;"Medium";90.0;"False"
2234;"Bradley Martinez";"Male";88.0;18.0;78.0;2.0;"Low";62.0;"True"
2552;"Alison Williams";"Female";88.0;20.0;86.0;2.0;"Medium";62.0;"True"
5945;"Scott Ferguson";"Female";70.0;12.0;88.0;3.0;"Medium";62.0;"False"
9971;"David Brown";"Male";85.0;12.0;65.0;3.0;"Medium";92.0;"False"
8133;"Unknown";"Female";95.0;20.0;90.0;0.0;"Medium";85.0;"True"
7649;"Renee Scott";"Male";90.0;10.0;90.0;1.0;"High";85.0;"False"
7914;"Aimee Green";"Male";92.0;10.0;82.0;0.0;"High";85.0;"True"
1691;"Ricky Jenkins";"Female";85.0;15.0;85.0;1.0;"Low";85.0;"False"
2479;"Kelly Allen MD";"Female";78.0;25.0;85.0;3.0;"Low";72.0;"False"
9133;"Sean Smith";"Male";92.0;22.0;85.0;1.0;"Medium";88.0;"True"
7928;"Robert Johnson";"Male";78.0;20.0;65.0;3.0;"Medium";78.0;"True"
6947;"Ryan West";"Female";95.0;18.0;78.0;3.0;"High";80.0;"True"
5144;"Unknown";"Female";88.0;30.0;85.0;2.0;"High";78.0;"False"
5929;"Christina Fitzgerald";"Male";92.0;18.0;90.0;0.0;"Medium";90.0;"False"
1555;"Susan Roberson";"Female";90.0;17.0;77.0;0.0;"Medium";62.0;"True"
4010;"Jodi Rogers";"Female";78.0;15.0;60.0;3.0;"Low";85.0;"True"
3585;"Michelle Clay";"Male";82.0;10.0;86.0;0.0;"Medium";78.0;"True"
5270;"Jacob Bean";"Male";91.0;30.0;82.0;3.0;"High";62.0;"False"
4677;"Robert Harper";"Male";85.0;12.0;86.0;3.0;"High";78.0;"True"
1231;"Michelle Graham";"Female";85.0;17.0;85.0;3.0;"Low";92.0;"False"
5717;"Seth Johnson";"Female";70.0;10.0;60.0;3.0;"Low";92.0;"True"
8506;"Julia Sanchez";"Male";85.0;17.0;65.0;1.0;"Low";62.0;"False"
7935;"Unknown";"Female";90.0;20.0;70.0;1.0;"High";90.0;"False"
9997;"Justin Sharp";"Male";88.0;12.0;86.0;0.0;"Medium";62.0;"True"
3323;"Christine Mullins";"Female";90.0;30.0;78.0;0.0;"Medium";85.0;"False"
5312;"Timothy Mcbride";"Female";82.0;30.0;60.0;0.0;"Medium";78.0;"False"
1871;"Deborah Reyes";"Male";78.0;15.0;90.0;0.0;"High";78.0;"False"
1067;"Makayla Rhodes";"Male";70.0;20.0;90.0;1.0;"Low";87.0;"False"
8439;"Sean Hernandez";"Female";91.0;15.0;88.0;1.0;"Low";88.0;"True"
4463;"Christine Young";"Male";88.0;30.0;78.0;2.0;"Low";88.0;"False"
3916;"Brian Hale";"Male";70.0;20.0;78.0;3.0;"High";62.0;"True"
2975;"Sandra Hart";"Female";85.0;8.0;82.0;3.0;"High";90.0;"True"
9021;"Christine Curtis";"Female";70.0;17.0;82.0;3.0;"Low";62.0;"False"
4053;"Tara Johnson";"Female";70.0;20.0;78.0;2.0;"Medium";78.0;"True"
5073;"Miguel Leblanc";"Female";88.0;22.0;78.0;2.0;"High";80.0;"False"
7766;"Christina Mcintyre";"Male";85.0;22.0;82.0;1.0;"Medium";88.0;"True"
2866;"John Weber";"Female";78.0;10.0;60.0;1.0;"High";62.0;"False"
10032;"Timothy Austin";"Female";91.0;18.0;88.0;0.0;"High";68.0;"False"
10026;"Michael Noble";"Female";88.0;22.0;86.0;1.0;"Low";62.0;"True"
3213;"Christine Shah";"Male";92.0;20.0;78.0;3.0;"High";92.0;"True"
8139;"Lisa Maynard";"Male";90.0;18.0;77.0;0.0;"Medium";62.0;"True"
8295;"Lisa Lynch";"Female";85.0;15.0;77.0;3.0;"High";92.0;"True"
6469;"Angela Warren";"Male";90.0;8.0;60.0;1.0;"Low";88.0;"False"
1994;"Yvonne Krueger";"Male";70.0;22.0;88.0;2.0;"High";85.0;"False"
2915;"Keith Bailey";"Female";91.0;30.0;77.0;0.0;"High";68.0;"False"
6633;"Barbara Case";"Female";92.0;12.0;90.0;3.0;"Low";90.0;"False"
3148;"Jamie Torres";"Female";70.0;8.0;88.0;1.0;"High";88.0;"True"
8911;"Justin Jacobs";"Male";78.0;25.0;65.0;3.0;"Medium";87.0;"False"
2043;"Michelle Kelly";"Female";70.0;20.0;86.0;3.0;"High";72.0;"False"
6820;"Terry Hernandez";"Male";82.0;18.0;65.0;2.0;"Low";87.0;"False"
2817;"Aaron Duarte";"Male";91.0;22.0;85.0;2.0;"High";72.0;"True"
10014;"Micheal Perez";"Female";78.0;18.0;77.0;2.0;"Medium";87.0;"False"
3257;"Troy Bradford";"Male";92.0;17.0;60.0;1.0;"High";78.0;"True"
2396;"Bobby Wilkinson";"Female";95.0;8.0;88.0;3.0;"High";72.0;"True"
9647;"Todd Brooks";"Male";70.0;17.0;90.0;2.0;"Low";88.0;"False"
7627;"Madeline Rush";"Male";88.0;20.0;78.0;2.0;"Medium";62.0;"True"
1383;"Nicole Frederick";"Male";82.0;22.0;82.0;3.0;"Medium";62.0;"True"
8424;"Mallory Fletcher";"Female";92.0;22.0;86.0;2.0;"Low";92.0;"True"
7751;"Kelly Suarez";"Male";90.0;15.0;60.0;0.0;"Medium";92.0;"False"
3364;"Lauren Stephens";"Male";85.0;17.0;65.0;2.0;"Low";87.0;"False"
1534;"Penny Miller";"Male";82.0;30.0;85.0;3.0;"Medium";87.0;"False"
1659;"Paula Stewart";"Male";90.0;30.0;82.0;1.0;"Medium";85.0;"True"
3328;"Jonathan Johnson";"Female";85.0;18.0;82.0;3.0;"High";78.0;"False"
10002;"Laura Ross";"Male";70.0;17.0;86.0;2.0;"Low";78.0;"False"
8786;"Brandy Wilson";"Male";78.0;12.0;77.0;1.0;"Low";78.0;"False"
2463;"Brittany Briggs";"Female";70.0;25.0;60.0;1.0;"Low";80.0;"False"
2450;"Carl Coleman";"Male";85.0;22.0;82.0;2.0;"Low";87.0;"True"
9877;"Crystal Chandler";"Male";91.0;12.0;90.0;1.0;"Low";80.0;"True"
2878;"Julie Jackson";"Male";82.0;10.0;82.0;0.0;"High";85.0;"False"
7672;"Cindy Morales";"Male";85.0;22.0;88.0;0.0;"High";80.0;"False"
3334;"Unknown";"Female";95.0;18.0;60.0;2.0;"High";92.0;"True"
7676;"Kimberly Calderon";"Male";85.0;18.0;70.0;3.0;"Low";87.0;"True"
5990;"Lisa Brooks";"Female";85.0;20.0;70.0;3.0;"High";90.0;"True"
9806;"Destiny Todd";"Female";82.0;17.0;78.0;1.0;"Medium";88.0;"True"
9996;"Jacob Yoder";"Male";82.0;22.0;85.0;2.0;"High";62.0;"False"
8077;"Martha Moody";"Male";91.0;12.0;88.0;1.0;"Low";85.0;"False"
5473;"James Torres";"Male";95.0;30.0;90.0;1.0;"Low";90.0;"True"
2270;"Shelly Stuart";"Male";85.0;20.0;88.0;0.0;"Low";90.0;"True"
3044;"Julie Williams";"Female";95.0;25.0;77.0;1.0;"High";80.0;"False"
10000;"Jeffrey Torres";"Male";90.0;10.0;82.0;3.0;"High";72.0;"True"
7666;"Alan Williams";"Female";90.0;12.0;77.0;1.0;"Medium";72.0;"True"
4696;"Dawn Nguyen";"Female";90.0;25.0;90.0;0.0;"Medium";85.0;"True"
1456;"Andrea Phillips";"Female";70.0;15.0;86.0;1.0;"Medium";92.0;"False"
1897;"Joseph Ellis";"Female";91.0;8.0;85.0;2.0;"Low";80.0;"False"
7581;"Jennifer Smith";"Male";91.0;8.0;90.0;3.0;"Low";88.0;"False"
8014;"Vickie Holloway";"Male";95.0;15.0;77.0;2.0;"Medium";88.0;"True"
10003;"Nancy Munoz";"Male";91.0;10.0;70.0;2.0;"Medium";62.0;"False"
6098;"Amber Gray";"Male";78.0;17.0;82.0;3.0;"Medium";85.0;"True"
1939;"Christian Barr";"Male";82.0;12.0;78.0;0.0;"Medium";92.0;"True"
7558;"Rebecca Kelly";"Male";85.0;30.0;78.0;2.0;"Medium";80.0;"False"
8215;"Aaron Walls";"Male";91.0;30.0;78.0;1.0;"High";92.0;"False"
3855;"Mark King";"Female";82.0;25.0;65.0;3.0;"High";68.0;"True"
10006;"James Macdonald";"Female";90.0;30.0;90.0;2.0;"Medium";92.0;"True"
10037;"Alexander Thompson";"Female";90.0;20.0;65.0;0.0;"High";92.0;"False"
5049;"Ashley Kaufman";"Male";88.0;10.0;70.0;3.0;"Medium";92.0;"False"
2062;"Megan Bernard";"Male";82.0;8.0;70.0;1.0;"Medium";72.0;"False"
9609;"Kelly Harper";"Female";85.0;17.0;82.0;3.0;"Medium";88.0;"True"
10011;"Daniel White";"Female";92.0;8.0;90.0;2.0;"Medium";62.0;"False"
5096;"Jeremy Shields";"Female";88.0;25.0;86.0;0.0;"Low";72.0;"False"
10017;"Matthew Davies";"Female";70.0;8.0;86.0;1.0;"Medium";72.0;"False"
4728;"Christine Hamilton";"Male";92.0;17.0;90.0;2.0;"Low";72.0;"False"
6581;"Crystal Proctor";"Male";95.0;25.0;60.0;0.0;"High";78.0;"True"
7608;"Victoria Mcbride";"Female";95.0;22.0;78.0;3.0;"High";68.0;"False"
2138;"Frank Brown DDS";"Female";88.0;25.0;90.0;2.0;"Low";72.0;"False"
9615;"Anita Dougherty";"Female";91.0;17.0;77.0;1.0;"Low";80.0;"False"
6681;"Alicia Watson";"Female";70.0;22.0;65.0;0.0;"High";68.0;"False"
8501;"Deborah Hunter";"Female";78.0;22.0;85.0;0.0;"Low";80.0;"False"
9810;"Morgan Gilbert";"Female";90.0;25.0;77.0;0.0;"Low";87.0;"True"
9264;"Taylor Crawford";"Female";70.0;17.0;65.0;2.0;"High";72.0;"True"
6359;"Cory Rosario DDS";"Female";85.0;17.0;85.0;2.0;"Low";92.0;"True"
3759;"Kyle Perez";"Male";85.0;18.0;65.0;1.0;"Medium";68.0;"True"
8242;"Kelly Gibson MD";"Male";82.0;20.0;60.0;2.0;"Medium";80.0;"False"
4305;"Angela Garcia";"Male";95.0;25.0;90.0;2.0;"High";62.0;"False"
4148;"Dylan Vaughan";"Male";92.0;20.0;65.0;0.0;"High";62.0;"False"
4105;"Kevin Santiago";"Male";82.0;8.0;60.0;2.0;"High";92.0;"True"
1245;"Terry Rodriguez";"Female";95.0;15.0;60.0;3.0;"Medium";92.0;"False"
1719;"Chad Mason";"Male";92.0;8.0;82.0;3.0;"Medium";87.0;"True"
5127;"Jessica Ferguson";"Male";91.0;30.0;60.0;0.0;"Medium";68.0;"False"
2300;"Jason Hood";"Male";78.0;30.0;77.0;2.0;"High";68.0;"True"
1388;"Tyler Mccormick";"Male";95.0;30.0;90.0;3.0;"Low";80.0;"True"
4644;"Megan Murphy";"Female";82.0;30.0;65.0;1.0;"Low";80.0;"True"
5966;"Unknown";"Female";91.0;17.0;90.0;2.0;"Medium";87.0;"False"
1324;"Teresa Rodriguez";"Female";70.0;20.0;82.0;3.0;"Low";68.0;"False"
7233;"Shannon Spencer";"Female";88.0;17.0;82.0;0.0;"Low";88.0;"True"
8688;"Darlene Tapia";"Male";78.0;25.0;78.0;1.0;"Low";90.0;"False"
7113;"Ryan Ball";"Female";85.0;18.0;86.0;2.0;"Medium";80.0;"False"
3660;"Anita Berger";"Male";70.0;18.0;88.0;2.0;"Low";78.0;"True"
5281;"Melinda Cummings";"Female";78.0;18.0;90.0;3.0;"Low";68.0;"True"
7297;"Melissa Donaldson";"Female";91.0;20.0;70.0;3.0;"Medium";68.0;"False"
3981;"Mrs. Melanie Mueller";"Male";85.0;22.0;90.0;0.0;"High";80.0;"True"
5249;"Ms. Heather Dean";"Female";85.0;22.0;85.0;0.0;"High";85.0;"False"
2052;"David Malone";"Female";85.0;22.0;90.0;1.0;"Medium";87.0;"True"
1685;"Melissa Brown";"Male";92.0;12.0;78.0;0.0;"Low";72.0;"False"
8961;"Jason Woods";"Female";95.0;22.0;60.0;1.0;"Medium";90.0;"False"
7528;"Rachel Diaz";"Female";91.0;15.0;88.0;1.0;"High";80.0;"False"
3275;"Michael Jones";"Male";91.0;20.0;70.0;2.0;"Low";92.0;"False"
9436;"Taylor Mcgee";"Female";92.0;15.0;88.0;1.0;"Low";90.0;"False"
8279;"Christopher Ray";"Male";91.0;17.0;60.0;3.0;"High";90.0;"True"
2465;"Dr. James Henry DDS";"Male";70.0;15.0;65.0;1.0;"Medium";85.0;"False"
3016;"James Stevens";"Male";82.0;17.0;85.0;1.0;"High";88.0;"True"
6623;"Kevin Marquez";"Female";70.0;12.0;60.0;3.0;"High";85.0;"True"
2460;"Colleen Porter";"Female";91.0;25.0;85.0;3.0;"Medium";68.0;"True"
6092;"Christian Odom";"Male";91.0;12.0;90.0;0.0;"Medium";90.0;"True"
9515;"Calvin Macias";"Male";90.0;8.0;78.0;2.0;"Medium";90.0;"True"
9189;"Kim Fischer";"Female";78.0;22.0;82.0;0.0;"Low";80.0;"True"
5480;"Travis Schultz";"Female";92.0;17.0;82.0;0.0;"High";90.0;"True"
4687;"Bonnie Morris";"Male";78.0;17.0;60.0;2.0;"Low";68.0;"False"
9978;"Paul Poole";"Female";90.0;10.0;88.0;3.0;"High";85.0;"True"
2670;"Bernard Whitaker";"Male";70.0;8.0;65.0;1.0;"High";90.0;"True"
2922;"Melinda Miller";"Female";91.0;8.0;65.0;0.0;"High";80.0;"False"
5959;"Christina Gonzales";"Male";70.0;20.0;77.0;0.0;"Medium";78.0;"True"
2549;"Mary Bennett";"Male";70.0;17.0;60.0;2.0;"Low";68.0;"True"
7640;"Dr. Erik Pineda";"Male";70.0;12.0;70.0;2.0;"Medium";87.0;"True"
4399;"Sandra Burns";"Male";78.0;22.0;65.0;1.0;"Low";78.0;"True"
6956;"Erika Kennedy";"Male";70.0;15.0;90.0;2.0;"High";72.0;"False"
5544;"Rhonda Davenport";"Male";91.0;8.0;85.0;2.0;"Medium";85.0;"False"
8472;"Cheryl Brown";"Male";88.0;8.0;65.0;2.0;"High";87.0;"True"
7097;"Angela Bridges";"Male";70.0;10.0;88.0;0.0;"Medium";80.0;"True"
5425;"Brandon Rasmussen";"Male";82.0;20.0;70.0;0.0;"High";90.0;"False"
10009;"Allison Novak";"Female";91.0;17.0;85.0;2.0;"Medium";88.0;"False"
2256;"Jessica Howard";"Male";90.0;10.0;86.0;1.0;"High";85.0;"True"
7946;"Lisa Zhang";"Male";85.0;17.0;70.0;2.0;"Low";87.0;"True"
7211;"Brianna Henderson";"Male";95.0;20.0;88.0;3.0;"Low";87.0;"False"
5337;"Mark Sanchez";"Male";85.0;22.0;60.0;3.0;"Medium";72.0;"False"
8999;"Melissa Nguyen";"Male";95.0;15.0;86.0;1.0;"Medium";85.0;"False"
1095;"Eric Wilson";"Female";92.0;20.0;90.0;2.0;"High";68.0;"False"
9995;"Linda Armstrong";"Male";92.0;17.0;82.0;2.0;"Medium";78.0;"True"
8027;"Faith Johnson";"Male";91.0;10.0;70.0;0.0;"High";85.0;"True"
8031;"Nathan Miller";"Male";85.0;20.0;70.0;3.0;"High";92.0;"True"
2489;"Whitney Jefferson";"Male";70.0;8.0;70.0;2.0;"Low";92.0;"False"
2005;"Shane Sanders";"Female";85.0;18.0;85.0;2.0;"Medium";85.0;"False"
5046;"Felicia Cline";"Female";85.0;10.0;78.0;1.0;"High";90.0;"False"
3134;"Miss Carla Coleman MD";"Female";95.0;30.0;86.0;2.0;"Low";90.0;"True"
4160;"Crystal Brown";"Female";90.0;20.0;70.0;3.0;"Medium";85.0;"True"
6996;"Unknown";"Female";90.0;8.0;85.0;1.0;"Medium";72.0;"True"
9254;"Wesley May";"Female";88.0;25.0;82.0;2.0;"Low";87.0;"True"
5781;"Christopher Atkinson";"Male";78.0;18.0;65.0;2.0;"High";92.0;"True"
1022;"Blake Martinez";"Female";91.0;30.0;88.0;2.0;"Low";72.0;"False"
7258;"Mary Ramos";"Female";91.0;12.0;90.0;1.0;"High";90.0;"False"
3550;"Colleen Sanchez";"Female";92.0;8.0;88.0;0.0;"Medium";87.0;"True"
4077;"Ralph Becker";"Male";78.0;20.0;60.0;3.0;"Medium";62.0;"True"
1193;"Denise Coleman";"Male";70.0;8.0;78.0;2.0;"High";80.0;"True"
5385;"Unknown";"Male";91.0;15.0;78.0;2.0;"Low";90.0;"True"
2841;"Deborah Hernandez";"Female";78.0;20.0;90.0;2.0;"Medium";90.0;"True"
6906;"Kristi Price";"Male";85.0;22.0;65.0;0.0;"Medium";72.0;"False"
3461;"Alex Douglas";"Female";91.0;18.0;88.0;2.0;"Medium";78.0;"True"
1035;"Ian Mcdonald";"Male";78.0;30.0;65.0;0.0;"Medium";78.0;"False"
5562;"David Bauer";"Male";90.0;30.0;65.0;0.0;"Medium";90.0;"False"
7301;"Linda Beasley";"Male";91.0;8.0;70.0;3.0;"Low";92.0;"False"
3283;"Megan Hutchinson";"Female";85.0;10.0;70.0;0.0;"High";92.0;"True"
3591;"Thomas Freeman";"Male";78.0;30.0;65.0;2.0;"High";87.0;"True"
8443;"Travis Pierce";"Female";91.0;12.0;82.0;3.0;"Medium";68.0;"False"
8674;"Kristen Galloway";"Female";95.0;8.0;60.0;0.0;"High";90.0;"False"
2776;"Raven Taylor";"Male";90.0;30.0;86.0;1.0;"High";92.0;"True"
9993;"Holly Spencer";"Female";88.0;8.0;70.0;3.0;"Medium";62.0;"True"
5753;"Daniel Sullivan";"Male";78.0;17.0;85.0;2.0;"Low";92.0;"True"
3638;"Richard Franklin";"Female";85.0;10.0;88.0;2.0;"Medium";88.0;"True"
7350;"Samantha Klein";"Male";92.0;22.0;86.0;2.0;"High";88.0;"True"
2116;"Kimberly Pena";"Female";91.0;30.0;88.0;2.0;"High";68.0;"False"
7701;"Anna Martinez";"Male";85.0;30.0;70.0;3.0;"Medium";90.0;"False"
3592;"Monica Johnson";"Female";90.0;25.0;60.0;1.0;"Low";87.0;"False"
2787;"Shannon Porter";"Male";78.0;20.0;60.0;0.0;"High";62.0;"False"
1886;"Unknown";"Male";85.0;8.0;82.0;2.0;"Low";68.0;"False"
7636;"Joseph Sherman";"Male";88.0;17.0;60.0;2.0;"High";85.0;"True"
